{"cameraMode":{"drawMode":0,"name":"Shaded","section":"Shading Mode"},"sceneLighting":false,"audioPlay":false,"sceneViewState":{"m_AlwaysRefresh":false,"showFog":true,"showSkybox":false,"showFlares":true,"showImageEffects":true,"showParticleSystems":true,"showVisualEffectGraphs":true,"m_FxEnabled":true},"in2DMode":false,"pivot":{"x":-0.027297258377075197,"y":0.7236931324005127,"z":-0.028088808059692384},"rotation":{"x":-0.11380735784769058,"y":0.8606557846069336,"z":-0.22022166848182679,"w":-0.4447813332080841},"size":3.689268112182617,"orthographic":false}