{"cameraMode":{"drawMode":0,"name":"Shaded","section":"Shading Mode"},"sceneLighting":false,"audioPlay":false,"sceneViewState":{"m_AlwaysRefresh":false,"showFog":true,"showSkybox":false,"showFlares":true,"showImageEffects":true,"showParticleSystems":true,"showVisualEffectGraphs":true,"m_FxEnabled":true},"in2DMode":false,"pivot":{"x":0.09697246551513672,"y":0.2683696746826172,"z":0.0010809898376464844},"rotation":{"x":-0.11380735784769058,"y":0.8606557846069336,"z":-0.22022166848182679,"w":-0.4447813332080841},"size":5.356947422027588,"orthographic":false}